"","x","s"
"1",0.646902838954702,0
"2",0.394225758267567,0
"3",0.618501814315096,0
"4",0.476891135564074,0
"5",0.136097185546532,0
"6",0.0673843862023205,0
"7",0.129152616951615,0
"8",0.393117929575965,0
"9",0.00258269859477878,0
"10",0.620205954182893,0
"11",0.764414017554373,0
"12",0.743835757952183,0
"13",0.826165695209056,0
"14",0.42272908333689,0
"15",0.40928766480647,0
"16",0.539692613529041,0
"17",0.960722398478538,0
"18",0.65355733432807,0
"19",0.54671529866755,0
"20",0.266063566086814,0
"21",0.196795599302277,0
"22",0.0778709205333143,0
"23",0.818393328459933,0
"24",0.942404641071334,0
"25",0.884224479319528,0
"26",0.1658783799503,0
"27",0.35510133812204,0
"28",0.748095017159358,0
"29",0.450950511265546,0
"30",0.555875437567011,0
"31",0.964073087554425,0
"32",0.0714689400047064,0
"33",0.955809065140784,0
"34",0.947978590615094,0
"35",0.00118775176815689,0
"36",0.367279277415946,0
"37",0.0110403990838677,0
"38",0.933858055854216,0
"39",0.523246557451785,0
"40",0.221986761549488,0
"41",0.985161147313192,0
"42",0.225329884793609,0
"43",0.863937630085275,0
"44",0.884683240903541,0
"45",0.624841086566448,0
"46",0.571553317131475,0
"47",0.470844344701618,0
"48",0.700667308177799,0
"49",0.797935220878571,0
"50",0.165746093029156,0
"51",0.578771093860269,0
"52",0.28827471868135,0
"53",0.902829078026116,0
"54",0.521413869224489,0
"55",0.825548264430836,0
"56",0.002148651285097,0
"57",0.441395052010193,0
"58",0.224316885927692,0
"59",0.543966609286144,0
"60",0.485812604660168,0
"61",0.208251051604748,0
"62",0.555850862525403,0
"63",0.228528337785974,0
"64",0.424398854840547,0
"65",0.863317254232243,0
"66",0.613719626329839,0
"67",0.992561791557819,0
"68",0.576843728078529,0
"69",0.651035821065307,0
"70",0.167367111891508,0
"71",0.614331952063367,0
"72",0.884436580119655,0
"73",0.387592908460647,0
"74",0.470298148924485,0
"75",0.530296305892989,0
"76",0.295293436152861,0
"77",0.287637889385223,0
"78",0.0570014086551964,0
"79",0.672630472341552,0
"80",0.71728675859049,0
"81",0.818193245213479,0
"82",0.0977584924548864,0
"83",0.30675848852843,0
"84",0.393865088000894,0
"85",0.381705722305924,0
"86",0.172070938860998,0
"87",0.233908361522481,0
"88",0.362370659364387,0
"89",0.118984793080017,0
"90",0.223685746546835,0
"91",0.599894754588604,0
"92",0.771230658749118,0
"93",0.355426288209856,0
"94",0.797221783781424,0
"95",0.508847639430314,0
"96",0.183396280743182,0
"97",0.745387247297913,0
"98",0.156881164992228,0
"99",0.687506095971912,0
"100",0.428441592259333,0
"101",0.425128739560023,0
"102",0.266087990021333,0
"103",0.726199720753357,0
"104",0.93059515976347,0
"105",0.250231939135119,0
"106",0.163165960926563,0
"107",0.682980705518275,0
"108",0.785995127167553,0
"109",0.547264565480873,0
"110",0.841938693774864,0
"111",0.548244103323668,0
"112",0.0288185945246369,0
"113",0.426204030634835,0
"114",0.926769562298432,0
"115",0.0920442685019225,0
"116",0.402942812535912,0
"117",0.285383263137192,0
"118",0.465514644980431,0
"119",0.718649382004514,0
"120",0.518330075545236,0
"121",0.971871356246993,0
"122",0.248111669672653,0
"123",0.59899901621975,0
"124",0.836661290610209,0
"125",0.0549864328932017,0
"126",0.89727322361432,0
"127",0.999316743109375,0
"128",0.683804058004171,0
"129",0.830270656384528,0
"130",0.607848247047514,0
"131",0.643803681014106,0
"132",0.517052474664524,0
"133",0.821975306607783,0
"134",0.368747171713039,0
"135",0.41858241148293,0
"136",0.22355963406153,0
"137",0.537034990498796,0
"138",0.50060215848498,0
"139",0.566811493830755,0
"140",0.02875447855331,0
"141",0.78693722630851,0
"142",0.587434788467363,0
"143",0.950118697946891,0
"144",0.936078040162101,0
"145",0.0429964964278042,0
"146",0.630076996516436,0
"147",0.37511234707199,0
"148",0.681610644096509,0
"149",0.182960596401244,0
"150",0.0653756870888174,0
"151",0.24071863014251,0
"152",0.575252129463479,0
"153",0.0376937580294907,0
"154",0.882790053263307,0
"155",0.23506880691275,0
"156",0.204844669438899,0
"157",0.518406329676509,0
"158",0.85822603199631,0
"159",0.596252152230591,0
"160",0.681025948375463,0
"161",0.735106540843844,0
"162",0.125625466462225,0
"163",0.49017162178643,0
"164",0.463320734677836,0
"165",0.989670340204611,0
"166",0.900229510385543,0
"167",0.570328381611034,0
"168",0.441398995229974,0
"169",0.152819702634588,0
"170",0.606699548661709,0
"171",0.98853747267276,0
"172",0.602113064145669,0
"173",0.0294421194121242,0
"174",0.204868622357026,0
"175",0.863011900801212,0
"176",0.0743773865979165,0
"177",0.967566025676206,0
"178",0.0988874810282141,0
"179",0.698827990563586,0
"180",0.720890906406567,0
"181",0.0626425941009074,0
"182",0.878500311635435,0
"183",0.0262284548953176,0
"184",0.835811140714213,0
"185",0.686841263435781,0
"186",0.516751029528677,0
"187",0.893477619625628,0
"188",0.215979794040322,0
"189",0.413997631054372,0
"190",0.641341988462955,0
"191",0.21781519940123,0
"192",0.94372960855253,0
"193",0.636408232850954,0
"194",0.375458995811641,0
"195",0.752293338533491,0
"196",0.173623502254486,0
"197",0.297549547394738,0
"198",0.0163562619127333,0
"199",0.249078184599057,0
"200",0.161448397440836,0
"201",0.0419238854665309,0
"202",0.689401645679027,0
"203",0.160779075697064,0
"204",0.518136693630368,0
"205",0.279103917069733,0
"206",0.214717623544857,0
"207",0.649333528010175,0
"208",0.562537955585867,0
"209",0.772367070196196,0
"210",0.97011926677078,0
"211",0.176594641525298,0
"212",0.0380896234419197,0
"213",0.367615163326263,0
"214",0.708214636426419,0
"215",0.938840650720522,0
"216",0.833405485609546,0
"217",0.605076339095831,0
"218",0.416284556733444,0
"219",0.617733650375158,0
"220",0.98855693009682,0
"221",0.373422586359084,0
"222",0.844633347121999,0
"223",0.924405946396291,0
"224",0.185599218355492,0
"225",0.842918980401009,0
"226",0.898821736685932,0
"227",0.042769540566951,0
"228",0.554067952325568,0
"229",0.617499628802761,0
"230",0.761270644143224,0
"231",0.204763681860641,0
"232",0.836306267650798,0
"233",0.115149338264018,0
"234",0.605146511690691,0
"235",0.100909358356148,0
"236",0.225104579003528,0
"237",0.450983041198924,0
"238",0.903535904828459,0
"239",0.984842200996354,0
"240",0.24528823280707,0
"241",0.377412737580016,0
"242",0.32032469031401,0
"243",0.643354292260483,0
"244",0.284937042510137,0
"245",0.897857779404148,0
"246",0.232475151773542,0
"247",0.0117608234286308,0
"248",0.228815810056403,0
"249",0.0985513874329627,0
"250",0.336291173007339,0
"251",0.574516964145005,0
"252",0.996752852806821,0
"253",0.773867069045082,0
"254",0.632822587853298,0
"255",0.962843492394313,0
"256",0.646092760842294,0
"257",0.934257502667606,0
"258",0.42839344847016,0
"259",0.170254068216309,0
"260",0.739143073558807,0
"261",0.5411862723995,0
"262",0.267747920705006,0
"263",0.272403316106647,0
"264",0.718899705214426,0
"265",0.461124713532627,0
"266",0.424239581683651,0
"267",0.450876136077568,0
"268",0.089496192522347,0
"269",0.148085562745109,0
"270",0.0621878281235695,0
"271",0.470158941810951,0
"272",0.413460688432679,0
"273",0.960807566065341,0
"274",0.873906990978867,0
"275",0.076054799137637,0
"276",0.452432963997126,0
"277",0.996118421200663,0
"278",0.826904632151127,0
"279",0.0983186326920986,0
"280",0.846732790349051,0
"281",0.506024509202689,0
"282",0.682896559592336,0
"283",0.484173896024004,0
"284",0.21171089890413,0
"285",0.98579002218321,0
"286",0.853309223195538,0
"287",0.0240526234265417,0
"288",0.160183328436688,0
"289",0.678556346101686,0
"290",0.595999798271805,0
"291",0.396578941261396,0
"292",0.387662718538195,0
"293",0.12803803361021,0
"294",0.990439709508792,0
"295",0.583673206623644,0
"296",0.625375883420929,0
"297",0.539600749732926,0
"298",0.0589424851350486,0
"299",0.00111899618059397,0
"300",0.862094102660194,0
"301",0.364244329510257,0
"302",0.279486957006156,0
"303",0.0257897826377302,0
"304",0.360883362125605,0
"305",0.414463997352868,0
"306",0.638507729629055,0
"307",0.0736413637641817,0
"308",0.0725555773824453,0
"309",0.635115959215909,0
"310",0.538179213646799,0
"311",0.574640996754169,0
"312",0.694404988316819,0
"313",0.129691049223766,0
"314",0.907627535518259,0
"315",0.520118240267038,0
"316",0.496892686700448,0
"317",0.247398502659053,0
"318",0.837802927708253,0
"319",0.741524930112064,0
"320",0.163458592025563,0
"321",0.729189808713272,0
"322",0.0554102002643049,0
"323",0.304095659404993,0
"324",0.592033046064898,0
"325",0.774697230197489,0
"326",0.3998931592796,0
"327",0.574602815555409,0
"328",0.781878987327218,0
"329",0.0269098002463579,0
"330",0.759324610466138,0
"331",0.89173751603812,0
"332",0.0121433530002832,0
"333",0.628649002639577,0
"334",0.768333649495617,0
"335",0.196299243019894,0
"336",0.581927673658356,0
"337",0.0290006471332163,0
"338",0.306385342730209,0
"339",0.801416703965515,0
"340",0.486839252524078,0
"341",0.893254833063111,0
"342",0.972735735820606,0
"343",0.593384524108842,0
"344",0.296257269801572,0
"345",0.223420067457482,0
"346",0.824250932550058,0
"347",0.780008218483999,0
"348",0.367154246196151,0
"349",0.745872339699417,0
"350",0.113671792438254,0
"351",0.0554978838190436,0
"352",0.854363065678626,0
"353",0.0142495441250503,0
"354",0.341333695221692,0
"355",0.119646864943206,0
"356",0.0625495975837111,0
"357",0.853142125997692,0
"358",0.329232290619984,0
"359",0.497724814340472,0
"360",0.583147156517953,0
"361",0.39126930362545,0
"362",0.361968866549432,0
"363",0.801926142070442,0
"364",0.564331882400438,0
"365",0.147104097995907,0
"366",0.605912590399384,0
"367",0.0414957497268915,0
"368",0.717643437674269,0
"369",0.992113778134808,0
"370",0.453583943890408,0
"371",0.422445285134017,0
"372",0.141022799070925,0
"373",0.822981419740245,0
"374",0.461091717006639,0
"375",0.237779459916055,0
"376",0.193383792182431,0
"377",0.0968447539489716,0
"378",0.845710823312402,0
"379",0.811731883790344,0
"380",0.408304728101939,0
"381",0.885054856073111,0
"382",0.956143053947017,0
"383",0.120932125486434,0
"384",0.782049910631031,0
"385",0.776812369236723,0
"386",0.0350434530992061,0
"387",0.807874454418197,0
"388",0.723329952685162,0
"389",0.233538643689826,0
"390",0.0896964040584862,0
"391",0.734546063933522,0
"392",0.472331531578675,0
"393",0.137539062649012,0
"394",0.130359130213037,0
"395",0.302894192514941,0
"396",0.72654274199158,0
"397",0.506755346665159,0
"398",0.878670447506011,0
"399",0.745690857060254,0
"400",0.694714210694656,0
"401",0.232837806455791,0
"402",0.609822127269581,0
"403",0.802720127394423,0
"404",0.584428219357505,0
"405",0.345871208468452,0
"406",0.555926319211721,0
"407",0.657877962803468,0
"408",0.303812228143215,0
"409",0.149506237590685,0
"410",0.0965811752248555,0
"411",0.104579502949491,0
"412",0.561610817909241,0
"413",0.876368259545416,0
"414",0.343322649365291,0
"415",0.850522395921871,0
"416",0.223242880310863,0
"417",0.462062757229432,0
"418",0.12588248308748,0
"419",0.136038157623261,0
"420",0.748078295728192,0
"421",0.712381081888452,0
"422",0.511622921330854,0
"423",0.400122966617346,0
"424",0.813198871910572,0
"425",0.986346466001123,0
"426",0.0597897379193455,0
"427",0.228727852692828,0
"428",0.409286057809368,0
"429",0.672331204405054,0
"430",0.438281874870881,0
"431",0.54208800336346,0
"432",0.818815721664578,0
"433",0.153833106625825,0
"434",0.988629902014509,0
"435",0.822246294235811,0
"436",0.492908627260476,0
"437",0.13439589436166,0
"438",0.468677525641397,0
"439",0.293308902066201,0
"440",0.81594030559063,0
"441",0.713734685909003,0
"442",0.763243437046185,0
"443",0.0807473242748529,0
"444",0.670384289231151,0
"445",0.444228376960382,0
"446",0.734523209743202,0
"447",0.442639952758327,0
"448",0.896971210604534,0
"449",0.221236178651452,0
"450",0.144126116298139,0
"451",0.738343841629103,0
"452",0.343588825548068,0
"453",0.868369897361845,0
"454",0.632443555397913,0
"455",0.672150508500636,0
"456",0.356180282076821,0
"457",0.0281853277701885,0
"458",0.00177356321364641,0
"459",0.494424534728751,0
"460",0.163392554502934,0
"461",0.693682744400576,0
"462",0.79181775287725,0
"463",0.673773083370179,0
"464",0.506084931083024,0
"465",0.0482038701884449,0
"466",0.46980389021337,0
"467",0.95252194814384,0
"468",0.969919926021248,0
"469",0.00457481574267149,0
"470",0.457324782386422,0
"471",0.787439896725118,0
"472",0.338423502165824,0
"473",0.686761488439515,0
"474",0.667271779151633,0
"475",0.751542661804706,0
"476",0.00311237573623657,0
"477",0.555024666013196,0
"478",0.158199596917257,0
"479",0.954960385803133,0
"480",0.453196595888585,0
"481",0.517724535893649,0
"482",0.820277938153595,0
"483",0.512708462309092,0
"484",0.898355700308457,0
"485",0.994400772964582,0
"486",0.372330898884684,0
"487",0.944753552554175,0
"488",0.411564683308825,0
"489",0.552710916148499,0
"490",0.286683646496385,0
"491",0.401104950113222,0
"492",0.575155021389946,0
"493",0.0223286061082035,0
"494",0.524694253923371,0
"495",0.928826997987926,0
"496",0.926211001118645,0
"497",0.371413502376527,0
"498",0.500560651300475,0
"499",0.213442939566448,0
"500",0.404117273166776,0
"501",0.499215442920104,0
"502",0.669438908575103,0
"503",0.272285902639851,0
"504",0.756531535414979,0
"505",0.938623109133914,0
"506",0.13557536713779,0
"507",0.129188997671008,0
"508",0.173919235821813,0
"509",0.102223858004436,0
"510",0.979926972649992,0
"511",0.237309062154964,0
"512",0.0325786850880831,0
"513",0.893249865155667,0
"514",0.282182906987146,0
"515",0.560653632273898,0
"516",0.344759012339637,0
"517",0.683982722228393,0
"518",0.647216477664188,0
"519",0.78412500792183,0
"520",0.549857224570587,0
"521",0.155191594269127,0
"522",0.0338724732864648,0
"523",0.0485116981435567,0
"524",0.330860544694588,0
"525",0.422324064187706,0
"526",0.675082019297406,0
"527",0.712450330844149,0
"528",0.600832898635417,0
"529",0.436528597725555,0
"530",0.788668206194416,0
"531",0.0871261744759977,0
"532",0.699581243563443,0
"533",0.0663615167140961,0
"534",0.273243657778949,0
"535",0.461252906126902,0
"536",0.756527163321152,0
"537",0.833293276838958,0
"538",0.871265139197931,0
"539",0.381571884034202,0
"540",0.393678454915062,0
"541",0.00786289665848017,0
"542",0.18717058072798,0
"543",0.110145342769101,0
"544",0.424518663436174,0
"545",0.266013196669519,0
"546",0.650432466296479,0
"547",0.164620580384508,0
"548",0.994178470689803,0
"549",0.00849986867979169,0
"550",0.833042670041323,0
"551",0.987244921736419,0
"552",0.556460553314537,0
"553",0.813761865952983,0
"554",0.25665624323301,0
"555",0.586745917331427,0
"556",0.967432662378997,0
"557",0.199127072934061,0
"558",0.251423180801794,0
"559",0.0867032327223569,0
"560",0.629432120360434,0
"561",0.558773919474334,0
"562",0.753792804433033,0
"563",0.0027461324352771,0
"564",0.954380455426872,0
"565",0.775714195333421,0
"566",0.62681242544204,0
"567",0.20751580176875,0
"568",0.216834218474105,0
"569",0.853194273542613,0
"570",0.805811786558479,0
"571",0.347332437289879,0
"572",0.250410152133554,0
"573",0.50421017059125,0
"574",0.697546956362203,0
"575",0.837083708727732,0
"576",0.929498168872669,0
"577",0.811125657521188,0
"578",0.479968422092497,0
"579",0.0165651238057762,0
"580",0.800751992035657,0
"581",0.000930020119994879,0
"582",0.00672917300835252,0
"583",0.268700167303905,0
"584",0.736622021067888,0
"585",0.895894306944683,0
"586",0.159689716761932,0
"587",0.41007972531952,0
"588",0.751924119656906,0
"589",0.62713311240077,0
"590",0.883035851642489,0
"591",0.244748037075624,0
"592",0.663677832111716,0
"593",0.301004629349336,0
"594",0.79789942339994,0
"595",0.965771253453568,0
"596",0.783434753771871,0
"597",0.17103523015976,0
"598",0.626803978811949,0
"599",0.283000624505803,0
"600",0.583124747499824,0
"601",0.820343755418435,0
"602",0.853074687067419,0
"603",0.410251068184152,0
"604",0.707226861966774,0
"605",0.881437415257096,0
"606",0.279438709840178,0
"607",0.935931182000786,0
"608",0.169941082596779,0
"609",0.924779745517299,0
"610",0.469159960979596,0
"611",0.990025388542563,0
"612",0.272365489043295,0
"613",0.986718520289287,0
"614",0.191305245971307,0
"615",0.801837511127815,0
"616",0.479262370616198,0
"617",0.541033485904336,0
"618",0.797851202543825,0
"619",0.428690390661359,0
"620",0.711881116731092,0
"621",0.526093931403011,0
"622",0.0703291937243193,0
"623",0.512550285086036,0
"624",0.486549109918997,0
"625",0.59196394472383,0
"626",0.241640723543242,0
"627",0.663059431826696,0
"628",0.751580028096214,0
"629",0.474449352594092,0
"630",0.301387229701504,0
"631",0.328230529557914,0
"632",0.51859287940897,0
"633",0.410036365035921,0
"634",0.532979524927214,0
"635",0.112788154743612,0
"636",0.0173772559501231,0
"637",0.307091871509328,0
"638",0.960063889389858,0
"639",0.69376187492162,0
"640",0.315711681498215,0
"641",0.551568859023973,0
"642",0.456570358481258,0
"643",0.305465740384534,0
"644",0.933930536499247,0
"645",0.385739455232397,0
"646",0.0358723164536059,0
"647",0.789589120773599,0
"648",0.164558654418215,0
"649",0.757484746165574,0
"650",0.317873689113185,0
"651",0.517492792801932,0
"652",0.563791542313993,0
"653",0.0222357963211834,0
"654",0.528471350902691,0
"655",0.543235199758783,0
"656",0.764178454643115,0
"657",0.816512105055153,0
"658",0.829271491616964,0
"659",0.957519186660647,0
"660",0.76780910580419,0
"661",0.371930428314954,0
"662",0.315286437049508,0
"663",0.790956400334835,0
"664",0.600708212703466,0
"665",0.317050370853394,0
"666",0.248175105080009,0
"667",0.0718598084058613,0
"668",0.630625322693959,0
"669",0.0192400279920548,0
"670",0.677304671145976,0
"671",0.967241066973656,0
"672",0.503500861814246,0
"673",0.516836589435115,0
"674",0.293854719726369,0
"675",0.164728311588988,0
"676",0.652122476371005,0
"677",0.336289146915078,0
"678",0.573182707186788,0
"679",0.306687447242439,0
"680",0.632534694159403,0
"681",0.0919861311558634,0
"682",0.625369936460629,0
"683",0.225687546189874,0
"684",0.395607817918062,0
"685",0.150738802272826,0
"686",0.442740930942819,0
"687",0.542186147766188,0
"688",0.936025759438053,0
"689",0.765187522396445,0
"690",0.401502273976803,0
"691",0.134227595292032,0
"692",0.397803352912888,0
"693",0.589440493378788,0
"694",0.862060198793188,0
"695",0.437343969009817,0
"696",0.0220062769949436,0
"697",0.556885651545599,0
"698",0.486889530904591,0
"699",0.259363521123305,0
"700",0.416971697704867,0
"701",0.191208328818902,0
"702",0.820027419133112,0
"703",0.438777812523767,0
"704",0.674842866370454,0
"705",0.714340739417821,0
"706",0.984975565690547,0
"707",0.333398548653349,0
"708",0.299155235756189,0
"709",0.376453049713746,0
"710",0.321652867598459,0
"711",0.456922385841608,0
"712",0.206311738118529,0
"713",0.248999847797677,0
"714",0.957468141103163,0
"715",0.0204144155140966,0
"716",0.114634168567136,0
"717",0.950681878952309,0
"718",0.116896887077019,0
"719",0.257580215111375,0
"720",0.885574172716588,0
"721",0.865682136733085,0
"722",0.586111319484189,0
"723",0.0052967187948525,0
"724",0.25108346901834,0
"725",0.109684421215206,0
"726",0.499750547576696,0
"727",0.451551315374672,0
"728",0.989310523029417,0
"729",0.751786475535482,0
"730",0.283749824389815,0
"731",0.472129241097718,0
"732",0.8995413815137,0
"733",0.995365168899298,0
"734",0.608209195779637,0
"735",0.441430613165721,0
"736",0.427134128753096,0
"737",0.694549234816805,0
"738",0.686567103257403,0
"739",0.0275083251763135,0
"740",0.780066317645833,0
"741",0.842851916095242,0
"742",0.186073458753526,0
"743",0.341485091950744,0
"744",0.739918086444959,0
"745",0.576263822382316,0
"746",0.0469827121123672,0
"747",0.649337414186448,0
"748",0.494055700721219,0
"749",0.488884018268436,0
"750",0.995550203602761,0
"751",0.680385702289641,0
"752",0.90686769830063,0
"753",0.980658277170733,0
"754",0.62054369575344,0
"755",0.260021868860349,0
"756",0.998554327525198,0
"757",0.166054575704038,0
"758",0.742254248820245,0
"759",0.138066795654595,0
"760",0.299159195506945,0
"761",0.971057537710294,0
"762",0.0966828358359635,0
"763",0.446970237186179,0
"764",0.834741008235142,0
"765",0.261911064619198,0
"766",0.476687737507746,0
"767",0.873249806463718,0
"768",0.742002209881321,0
"769",0.132243514060974,0
"770",0.344775173580274,0
"771",0.716419424163178,0
"772",0.873916780343279,0
"773",0.0557148358784616,0
"774",0.396620326209813,0
"775",0.108914710348472,0
"776",0.090576333925128,0
"777",0.882166562369093,0
"778",0.133608188712969,0
"779",0.267124850070104,0
"780",0.209914045408368,0
"781",0.737455955008045,0
"782",0.585960432188585,0
"783",0.671896660234779,0
"784",0.468874726211652,0
"785",0.507259362610057,0
"786",0.827972895465791,0
"787",0.403674658155069,0
"788",0.146351740229875,0
"789",0.398905825801194,0
"790",0.883951081661507,0
"791",0.831094716442749,0
"792",0.0112552917562425,0
"793",0.96237453375943,0
"794",0.324402532307431,0
"795",0.233664580155164,0
"796",0.48753846436739,0
"797",0.415654866257682,0
"798",0.505984967108816,0
"799",0.133476564195007,0
"800",0.0916548827663064,0
"801",0.0258913957513869,0
"802",0.882946440484375,0
"803",0.627588328672573,0
"804",0.847388291032985,0
"805",0.852311578579247,0
"806",0.603260925039649,0
"807",0.355021215509623,0
"808",0.393749579321593,0
"809",0.399613657267764,0
"810",0.0975517889019102,0
"811",0.390263952547684,0
"812",0.942275508539751,0
"813",0.573453504825011,0
"814",0.224261292954907,0
"815",0.011664551217109,0
"816",0.239994042087346,0
"817",0.240178061649203,0
"818",0.0254738831426948,0
"819",0.419688340974972,0
"820",0.379176776390523,0
"821",0.352926535066217,0
"822",0.429512734990567,0
"823",0.614995275158435,0
"824",0.973893000511453,0
"825",0.366892156889662,0
"826",0.574271443998441,0
"827",0.622738993261009,0
"828",0.621732868021354,0
"829",0.427340054186061,0
"830",0.164822498103604,0
"831",0.452758583240211,0
"832",0.0637527087237686,0
"833",0.860754106193781,0
"834",0.202407992910594,0
"835",0.257965933764353,0
"836",0.573506091488525,0
"837",0.0866516742389649,0
"838",0.492970818653703,0
"839",0.390497904270887,0
"840",0.126228669891134,0
"841",0.820651917019859,0
"842",0.53993724193424,0
"843",0.02996447077021,0
"844",0.19566925149411,0
"845",0.533599010668695,0
"846",0.853008758975193,0
"847",0.516803292790428,0
"848",0.44296225393191,0
"849",0.644074653973803,0
"850",0.613793142838404,0
"851",0.388762451708317,0
"852",0.413462426979095,0
"853",0.117939427029341,0
"854",0.544749912340194,0
"855",0.500761694507673,0
"856",0.489558594767004,0
"857",0.38555520796217,0
"858",0.0341395528521389,0
"859",0.289455358171836,0
"860",0.378868786385283,0
"861",0.704960805131122,0
"862",0.778146620607004,0
"863",0.271749291103333,0
"864",0.121502747992054,0
"865",0.79660022049211,0
"866",0.895799623336643,0
"867",0.151832724222913,0
"868",0.454845173982903,0
"869",0.8437056154944,0
"870",0.238436992047355,0
"871",0.628414665581658,0
"872",0.592557055875659,0
"873",0.433582350378856,0
"874",0.196244643069804,0
"875",0.564071973552927,0
"876",0.0571575670037419,0
"877",0.192096622427925,0
"878",0.673036575317383,0
"879",0.367441916372627,0
"880",0.386681348551065,0
"881",0.242408577352762,0
"882",0.986601172015071,0
"883",0.517274419544265,0
"884",0.846136003034189,0
"885",0.0493588601239026,0
"886",0.870419300859794,0
"887",0.939874090719968,0
"888",0.372978226747364,0
"889",0.734817288117483,0
"890",0.444737541722134,0
"891",0.386595880612731,0
"892",0.787937367334962,0
"893",0.267881971551105,0
"894",0.411397773306817,0
"895",0.146983067737892,0
"896",0.0657686223275959,0
"897",0.927988000679761,0
"898",0.109930539969355,0
"899",0.299428467871621,0
"900",0.190179091878235,0
"901",0.273000362096354,0
"902",0.173221123870462,0
"903",0.829815964912996,0
"904",0.052480785176158,0
"905",0.371905544074252,0
"906",0.417562704300508,0
"907",0.430568009382114,0
"908",0.869498829590157,0
"909",0.475942846154794,0
"910",0.355039238231257,0
"911",0.382405027281493,0
"912",0.0556240302976221,0
"913",0.526423685485497,0
"914",0.796826013829559,0
"915",0.215224253479391,0
"916",0.943141086725518,0
"917",0.485841602785513,0
"918",0.961950200842693,0
"919",0.495727742090821,0
"920",0.813616096740589,0
"921",0.90928622847423,0
"922",0.10821702866815,0
"923",0.583347769221291,0
"924",0.698191021569073,0
"925",0.621396634262055,0
"926",0.894346298417076,0
"927",0.896433639805764,0
"928",0.509112329222262,0
"929",0.29453741828911,0
"930",0.0658870383631438,0
"931",0.89071831991896,0
"932",0.833848911104724,0
"933",0.707554943393916,0
"934",0.519765053177252,0
"935",0.051226967247203,0
"936",0.438271612627432,0
"937",0.28858422441408,0
"938",0.796473189024255,0
"939",0.359785570530221,0
"940",0.0522298007272184,0
"941",0.447965079220012,0
"942",0.573694168124348,0
"943",0.0340216886252165,0
"944",0.629896528786048,0
"945",0.396365910768509,0
"946",0.0290105482563376,0
"947",0.30787765304558,0
"948",0.0589966315310448,0
"949",0.628842008765787,0
"950",0.150602259207517,0
"951",0.207667414564639,0
"952",0.542048072209582,0
"953",0.454840930411592,0
"954",0.722442288184538,0
"955",0.0281979432329535,0
"956",0.767587377456948,0
"957",0.941378479124978,0
"958",0.948245207546279,0
"959",0.582652161596343,0
"960",0.0799446243327111,0
"961",0.172428111545742,0
"962",0.346500449813902,0
"963",0.754290321841836,0
"964",0.0918423039838672,0
"965",0.431565768783912,0
"966",0.377282019006088,0
"967",0.428737455746159,0
"968",0.826922893757001,0
"969",0.4100483127404,0
"970",0.0405843404587358,0
"971",0.745923883048818,0
"972",0.580438116565347,0
"973",0.920738520100713,0
"974",0.184423935832456,0
"975",0.479962606681511,0
"976",0.260224538622424,0
"977",0.0710563082247972,0
"978",0.946509990375489,0
"979",0.452102342853323,0
"980",0.936765662394464,0
"981",0.17400609748438,0
"982",0.37048203847371,0
"983",0.938368144445121,0
"984",0.000893762335181236,0
"985",0.324579977197573,0
"986",0.708857557503507,0
"987",0.650615768739954,0
"988",0.392322724917904,0
"989",0.0593204940669239,0
"990",0.108677230542526,0
"991",0.495091676013544,0
"992",0.384478372754529,0
"993",0.359207792440429,0
"994",0.627668397966772,0
"995",0.211926090763882,0
"996",0.914177069207653,0
"997",0.49870591564104,0
"998",0.218152208020911,0
"999",0.989144389517605,0
"1000",0.412328351521865,0
"1001",0.886243029497564,0
"1002",0.445435989415273,0
"1003",0.491184980608523,0
"1004",0.118450640467927,0
"1005",0.88309491542168,0
"1006",0.485086854547262,0
"1007",0.542554705170915,0
"1008",0.378540396224707,0
"1009",0.938348599942401,0
"1010",0.216712668072432,0
"1011",0.189943249570206,0
"1012",0.317628464661539,0
"1013",0.336978053441271,0
"1014",0.882517352001742,0
"1015",0.00387861882336438,0
"1016",0.174369094194844,0
"1017",0.0513076740317047,0
"1018",0.181850214488804,0
"1019",0.843029292067513,0
"1020",0.258942271349952,0
"1021",0.0249054385349154,0
"1022",0.846114823129028,0
"1023",0.925829710206017,0
"1024",0.989378472557291,0
"1025",0.519236537162215,0
"1026",0.656927016330883,0
"1027",0.718586320756003,0
"1028",0.0821692526806146,0
"1029",0.242850250564516,0
"1030",0.957335801562294,0
"1031",0.405046700034291,0
"1032",0.900915242731571,0
"1033",0.450406482676044,0
"1034",0.260351576609537,0
"1035",0.535651116864756,0
"1036",0.462672794703394,0
"1037",0.511041985359043,0
"1038",0.38526740600355,0
"1039",0.478162440937012,0
"1040",0.589178355643526,0
"1041",0.539849681779742,0
"1042",0.731501027941704,0
"1043",0.696657034335658,0
"1044",0.142794112442061,0
"1045",0.312358361901715,0
"1046",0.553675112547353,0
"1047",0.446856149937958,0
"1048",0.200788330752403,0
"1049",0.190361825749278,0
"1050",0.121269827242941,0
"1051",0.0925664806272835,0
"1052",0.53094870573841,0
"1053",0.0702293291687965,0
"1054",0.702354842796922,0
"1055",0.659304859349504,0
"1056",0.732588772429153,0
"1057",0.789116665022448,0
"1058",0.673809107858688,0
"1059",0.604735647328198,0
"1060",0.0101876605767757,0
"1061",0.948589617852122,0
"1062",0.188646220602095,0
"1063",0.888882322236896,0
"1064",0.741137346019968,0
"1065",0.762153658783063,0
"1066",0.711933623533696,0
"1067",0.703850419726223,0
"1068",0.0855727358721197,0
"1069",0.37656810414046,0
"1070",0.461464785505086,0
"1071",0.0444138315506279,0
"1072",0.42359879007563,0
"1073",0.476914197904989,0
"1074",0.979528930969536,0
"1075",0.334172030445188,0
"1076",0.82018631324172,0
"1077",0.281804132973775,0
"1078",0.0665999432094395,0
"1079",0.394144392339513,0
"1080",0.224627306452021,0
"1081",0.268725968897343,0
"1082",0.428658900549635,0
"1083",0.210534664336592,0
"1084",0.413584839552641,0
"1085",0.626671146601439,0
"1086",0.656645065406337,0
"1087",0.440762435551733,0
"1088",0.156806943938136,0
"1089",0.986628631828353,0
"1090",0.934027964714915,0
"1091",0.199412321671844,0
"1092",0.481183379190043,0
"1093",0.339661572128534,0
"1094",0.418489991221577,0
"1095",0.452753190649673,0
"1096",0.64618004206568,0
"1097",0.818280862178653,0
"1098",0.912217067088932,0
"1099",0.477208779891953,0
"1100",0.741789856925607,0
"1101",0.750292565207928,0
"1102",0.822239043889567,0
"1103",0.249276359099895,0
"1104",0.413352746283635,0
"1105",0.387011941988021,0
"1106",0.616393280914053,0
"1107",0.104611047310755,0
"1108",0.322406898485497,0
"1109",0.722346257418394,0
"1110",0.691475018626079,0
"1111",0.33230823231861,0
"1112",0.833348121261224,0
"1113",0.951744011603296,0
"1114",0.657449033809826,0
"1115",0.843005064642057,0
"1116",0.28109095711261,0
"1117",0.42149048554711,0
"1118",0.0102701119612902,0
"1119",0.571045706281438,0
"1120",0.148043022025377,0
"1121",0.0770083179231733,0
"1122",0.542143077822402,0
"1123",0.111225218279287,0
"1124",0.924730774015188,0
"1125",0.271359342616051,0
"1126",0.656572981737554,0
"1127",0.540153936948627,0
"1128",0.80123066296801,0
"1129",0.701934996759519,0
"1130",0.470470448490232,0
"1131",0.939345011021942,0
"1132",0.0945159771945328,0
"1133",0.450874336296692,0
"1134",0.243480089586228,0
"1135",0.72365599940531,0
"1136",0.879724486730993,0
"1137",0.992658243980259,0
"1138",0.175430954899639,0
"1139",0.209965310292318,0
"1140",0.237743817968294,0
"1141",0.310511002317071,0
"1142",0.570889190305024,0
"1143",0.728961895685643,0
"1144",0.982436937745661,0
"1145",0.653734769904986,0
"1146",0.219064415432513,0
"1147",0.820035020122305,0
"1148",0.859862881712615,0
"1149",0.0962459919974208,0
"1150",0.306716260500252,0
"1151",0.0512661596294492,0
"1152",0.22324342909269,0
"1153",0.992875555763021,0
"1154",0.521471505053341,0
"1155",0.676600169157609,0
"1156",0.616743688471615,0
"1157",0.0989024583250284,0
"1158",0.321859519230202,0
"1159",0.0642475595232099,0
"1160",0.698131724493578,0
"1161",0.252902605105191,0
"1162",0.763064545579255,0
"1163",0.972759346244857,0
"1164",0.765346025582403,0
"1165",0.489188155392185,0
"1166",0.658287331461906,0
"1167",0.39963374263607,0
"1168",0.79423390282318,0
"1169",0.699085076339543,0
"1170",0.686365140601993,0
"1171",0.143885691417381,0
"1172",0.796192912152037,0
"1173",0.65993668558076,0
"1174",0.190874312305823,0
"1175",0.697208173340186,0
"1176",0.702336889691651,0
"1177",0.353749617934227,0
"1178",0.00130743999034166,0
"1179",0.371978894574568,0
"1180",0.70968986232765,0
"1181",0.0209646208677441,0
"1182",0.186287951888517,0
"1183",0.362223342759535,0
"1184",0.247366132447496,0
"1185",0.887370265554637,0
"1186",0.272938577923924,0
"1187",0.635869299992919,0
"1188",0.819904046365991,0
"1189",0.584879464004189,0
"1190",0.805494678905234,0
"1191",0.491220850031823,0
"1192",0.74768990650773,0
"1193",0.313383546890691,0
"1194",0.680002027656883,0
"1195",0.0585973088163882,0
"1196",0.591704349499196,0
"1197",0.8249670737423,0
"1198",0.735153420595452,0
"1199",0.90576561097987,0
"1200",0.831664804136381,0
"1201",0.594122997950763,1
"1202",0.291435186052695,1
"1203",0.986267729895189,1
"1204",0.838276549940929,1
"1205",0.594545128522441,1
"1206",0.960256022401154,1
"1207",0.0876034961547703,1
"1208",0.050638614455238,1
"1209",0.633936521131545,1
"1210",0.053353110095486,1
"1211",0.83801101683639,1
"1212",0.332182758487761,1
"1213",0.293599819764495,1
"1214",0.0319259096868336,1
"1215",0.746889926260337,1
"1216",0.50644249538891,1
"1217",0.432683819672093,1
"1218",0.243414988508448,1
"1219",0.510707369772717,1
"1220",0.506849945522845,1
"1221",0.687171385390684,1
"1222",0.108193826396018,1
"1223",0.629491264699027,1
"1224",0.740597793832421,1
"1225",0.138803482754156,1
"1226",0.578273600898683,1
"1227",0.972750170854852,1
"1228",0.291984640527517,1
"1229",0.199423043522984,1
"1230",0.763671162072569,1
"1231",0.799568121088669,1
"1232",0.654104018118232,1
"1233",0.673172377981246,1
"1234",0.659069606801495,1
"1235",0.939186497125775,1
"1236",0.159708936931565,1
"1237",0.43993362179026,1
"1238",0.559595447499305,1
"1239",0.672110346378759,1
"1240",0.302996080135927,1
"1241",0.964637849247083,1
"1242",0.737585586728528,1
"1243",0.198222641833127,1
"1244",0.994074115296826,1
"1245",0.548657129053026,1
"1246",0.52656331891194,1
"1247",0.809370408765972,1
"1248",0.506222341675311,1
"1249",0.133006093557924,1
"1250",0.983665550593287,1
"1251",0.788545802468434,1
"1252",0.0526127449702471,1
"1253",0.527117489371449,1
"1254",0.179952736245468,1
"1255",0.0370458140969276,1
"1256",0.999995256308466,1
"1257",0.680074588628486,1
"1258",0.0341049255803227,1
"1259",0.470124597894028,1
"1260",0.212437068345025,1
"1261",0.602475489024073,1
"1262",0.836112226825207,1
"1263",0.309634938137606,1
"1264",0.8832815985661,1
"1265",0.0453681305516511,1
"1266",0.517377234296873,1
"1267",0.857925868825987,1
"1268",0.240837074350566,1
"1269",0.397787542082369,1
"1270",0.927934551378712,1
"1271",0.364481813507155,1
"1272",0.126914156833664,1
"1273",0.0171479980926961,1
"1274",0.144740988500416,1
"1275",0.130685911048204,1
"1276",0.0393136453349143,1
"1277",0.60322244069539,1
"1278",0.816588729387149,1
"1279",0.120942524401471,1
"1280",0.630757649196312,1
"1281",0.699469904880971,1
"1282",0.571127980947495,1
"1283",0.868170107482001,1
"1284",0.184597811195999,1
"1285",0.414815972093493,1
"1286",0.221173748141155,1
"1287",0.291507591260597,1
"1288",0.212600763654336,1
"1289",0.648088682675734,1
"1290",0.243985921144485,1
"1291",0.368014364037663,1
"1292",0.677011880092323,1
"1293",0.90197864244692,1
"1294",0.202292675850913,1
"1295",0.993750641820952,1
"1296",0.867288423702121,1
"1297",0.793376268353313,1
"1298",0.196710960008204,1
"1299",0.492377502145246,1
"1300",0.314569499576464,1
"1301",0.0630734320729971,1
"1302",0.708205964416265,1
"1303",0.366927003953606,1
"1304",0.234765850007534,1
"1305",0.0836445223540068,1
"1306",0.26298878248781,1
"1307",0.961753871990368,1
"1308",0.131844282150269,1
"1309",0.427153121680021,1
"1310",0.714154873043299,1
"1311",0.749027663609013,1
"1312",0.10638723988086,1
"1313",0.153103990945965,1
"1314",0.981143177486956,1
"1315",0.346541333012283,1
"1316",0.430523599032313,1
"1317",0.0514869200997055,1
"1318",0.230164721608162,1
"1319",0.368951474782079,1
"1320",0.444006724981591,1
"1321",0.23201056313701,1
"1322",0.618816769914702,1
"1323",0.19312308053486,1
"1324",0.782393971923739,1
"1325",0.624910398386419,1
"1326",0.355326543329284,1
"1327",0.0117611021269113,1
"1328",0.933254255447537,1
"1329",0.666412032907829,1
"1330",0.495509686181322,1
"1331",0.0557465963065624,1
"1332",0.71262040711008,1
"1333",0.685585437109694,1
"1334",0.695108963409439,1
"1335",0.241704590851441,1
"1336",0.256162256933749,1
"1337",0.616544798016548,1
"1338",0.746964059071615,1
"1339",0.578607917996123,1
"1340",0.0589295809622854,1
"1341",0.461292697116733,1
"1342",0.887610284611583,1
"1343",0.0937446185853332,1
"1344",0.457626920426264,1
"1345",0.669338734354824,1
"1346",0.220756291877478,1
"1347",0.101352157536894,1
"1348",0.450776192592457,1
"1349",0.437861485173926,1
"1350",0.834981434978545,1
"1351",0.967800448881462,1
"1352",0.738605652702972,1
"1353",0.863172091310844,1
"1354",0.79189749294892,1
"1355",0.224913478363305,1
"1356",0.771217648638412,1
"1357",0.244941897224635,1
"1358",0.834918791428208,1
"1359",0.927786109270528,1
"1360",0.952247140463442,1
"1361",0.0364490591455251,1
"1362",0.548891817219555,1
"1363",0.466863446403295,1
"1364",0.321029344573617,1
"1365",0.42188786319457,1
"1366",0.0855826234910637,1
"1367",0.452491077361628,1
"1368",0.775322487112135,1
"1369",0.0925489312503487,1
"1370",0.217159324558452,1
"1371",0.397739350330085,1
"1372",0.830511975567788,1
"1373",0.56596705596894,1
"1374",0.576416775817052,1
"1375",0.840141962049529,1
"1376",0.849377901991829,1
"1377",0.774552617920563,1
"1378",0.213168729096651,1
"1379",0.415925294859335,1
"1380",0.431378371547908,1
"1381",0.191160043468699,1
"1382",0.183373156702146,1
"1383",0.111531251342967,1
"1384",0.405551842646673,1
"1385",0.103474697563797,1
"1386",0.596802062820643,1
"1387",0.771647354355082,1
"1388",0.319423501379788,1
"1389",0.72622136794962,1
"1390",0.384798655984923,1
"1391",0.0847979378886521,1
"1392",0.735124446451664,1
"1393",0.907276987563819,1
"1394",0.608598108403385,1
"1395",0.480681783519685,1
"1396",0.756108129164204,1
"1397",0.0466044337954372,1
"1398",0.00506831845268607,1
"1399",0.407321581616998,1
"1400",0.622123270994052,1
"1401",0.566167854703963,1
"1402",0.152798944385722,1
"1403",0.558179521001875,1
"1404",0.387275060173124,1
"1405",0.347653599688783,1
"1406",0.841485613025725,1
"1407",0.330247659701854,1
"1408",0.384742571040988,1
"1409",0.761255998397246,1
"1410",0.676919842837378,1
"1411",0.381016252795234,1
"1412",0.439393735257909,1
"1413",0.280849674949422,1
"1414",0.27885725419037,1
"1415",0.835035064723343,1
"1416",0.634301189566031,1
"1417",0.83014746545814,1
"1418",0.436778897419572,1
"1419",0.122537858085707,1
"1420",0.155919550219551,1
"1421",0.989258632063866,1
"1422",0.431862592697144,1
"1423",0.251810319954529,1
"1424",0.265889142407104,1
"1425",0.149234050884843,1
"1426",0.0827250841539353,1
"1427",0.557892405427992,1
"1428",0.744800673564896,1
"1429",0.999893419677392,1
"1430",0.659882100764662,1
"1431",0.944887900259346,1
"1432",0.0990900569595397,1
"1433",0.553644911851734,1
"1434",0.583019772544503,1
"1435",0.881400219164789,1
"1436",0.406170585658401,1
"1437",0.732739813392982,1
"1438",0.874770748429,1
"1439",0.768752830568701,1
"1440",0.847021494992077,1
"1441",0.985161892604083,1
"1442",0.306289245840162,1
"1443",0.347186911385506,1
"1444",0.216540326364338,1
"1445",0.950956068700179,1
"1446",0.482006179634482,1
"1447",0.297748091863468,1
"1448",0.410240157973021,1
"1449",0.600617291638628,1
"1450",0.955875182058662,1
"1451",0.7058344935067,1
"1452",0.832536488305777,1
"1453",0.175514979520813,1
"1454",0.255138684995472,1
"1455",0.294869878096506,1
"1456",0.788228454068303,1
"1457",0.503379544010386,1
"1458",0.760935447178781,1
"1459",0.749135095858946,1
"1460",0.271173077169806,1
"1461",0.947963169077411,1
"1462",0.215394947212189,1
"1463",0.36251412332058,1
"1464",0.500663352431729,1
"1465",0.460959433345124,1
"1466",0.698429065290838,1
"1467",0.295762347755954,1
"1468",0.396086059045047,1
"1469",0.210598580539227,1
"1470",0.311927048489451,1
"1471",0.17048734636046,1
"1472",0.573956972686574,1
"1473",0.930273876758292,1
"1474",0.465936100110412,1
"1475",0.07723059062846,1
"1476",0.343382543884218,1
"1477",0.334214829606935,1
"1478",0.979990856256336,1
"1479",0.0516141948755831,1
"1480",0.781763246282935,1
"1481",0.935148236341774,1
"1482",0.436150213005021,1
"1483",0.285992694320157,1
"1484",0.826227932237089,1
"1485",0.624339563539252,1
"1486",0.706801932770759,1
"1487",0.6602803170681,1
"1488",0.347507677739486,1
"1489",0.931133907753974,1
"1490",0.294614318758249,1
"1491",0.425538199488074,1
"1492",0.593098917044699,1
"1493",0.60464971838519,1
"1494",0.336044081719592,1
"1495",0.63395257643424,1
"1496",0.211679398315027,1
"1497",0.475731287850067,1
"1498",0.856012100353837,1
"1499",0.178072568494827,1
"1500",0.196712436620146,1
"1501",0.991855438100174,1
"1502",0.746805378468707,1
"1503",0.669246348319575,1
"1504",0.557005977258086,1
"1505",0.0283865933306515,1
"1506",0.790550615405664,1
"1507",0.136695881839842,1
"1508",0.69208701630123,1
"1509",0.184099128702655,1
"1510",0.725075296591967,1
"1511",0.653812445234507,1
"1512",0.305836981395259,1
"1513",0.212978252209723,1
"1514",0.296496665338054,1
"1515",0.842417960288003,1
"1516",0.206545550609007,1
"1517",0.340316093992442,1
"1518",0.238024379592389,1
"1519",0.956643822137266,1
"1520",0.563618453219533,1
"1521",0.795181426219642,1
"1522",0.0907816090621054,1
"1523",0.792995884781703,1
"1524",0.97941144509241,1
"1525",0.878419291926548,1
"1526",0.545746892923489,1
"1527",0.874757438199595,1
"1528",0.475448893383145,1
"1529",0.907731186598539,1
"1530",0.888360785786062,1
"1531",0.235716774594039,1
"1532",0.667779615614563,1
"1533",0.73874328378588,1
"1534",0.762231848202646,1
"1535",0.224206598475575,1
"1536",0.213073949562386,1
"1537",0.000772417522966862,1
"1538",0.732379424851388,1
"1539",0.0344187307637185,1
"1540",0.878817769698799,1
"1541",0.785881899995729,1
"1542",0.57084964425303,1
"1543",0.451851394725963,1
"1544",0.315127919660881,1
"1545",0.883911886252463,1
"1546",0.778148244600743,1
"1547",0.795080806594342,1
"1548",0.345720842480659,1
"1549",0.829631897388026,1
"1550",0.102864424465224,1
"1551",0.257475630147383,1
"1552",0.366198729723692,1
"1553",0.471360276918858,1
"1554",0.667495214845985,1
"1555",0.853841643314809,1
"1556",0.981572242686525,1
"1557",0.129481723066419,1
"1558",0.410706993192434,1
"1559",0.516289986670017,1
"1560",0.653010818641633,1
"1561",0.290684431325644,1
"1562",0.934608241310343,1
"1563",0.209639441687614,1
"1564",0.0212387144565582,1
"1565",0.366989657282829,1
"1566",0.00744443945586681,1
"1567",0.676920501049608,1
"1568",0.397798815509304,1
"1569",0.0114680672995746,1
"1570",0.16702449764125,1
"1571",0.20738545130007,1
"1572",0.789122856454924,1
"1573",0.642364638624713,1
"1574",0.249498479999602,1
"1575",0.482107792980969,1
"1576",0.691664784215391,1
"1577",0.767952010966837,1
"1578",0.80853812256828,1
"1579",0.582690794253722,1
"1580",0.534547406015918,1
"1581",0.355714418925345,1
"1582",0.264165384462103,1
"1583",0.82073584664613,1
"1584",0.459221050608903,1
"1585",0.202503105159849,1
"1586",0.4511213444639,1
"1587",0.619207516312599,1
"1588",0.649757784791291,1
"1589",0.969869496766478,1
"1590",0.569185624830425,1
"1591",0.356486472301185,1
"1592",0.94575328216888,1
"1593",0.0980593874119222,1
"1594",0.319907029159367,1
"1595",0.573017471004277,1
"1596",0.410019234521315,1
"1597",0.727409077808261,1
"1598",0.47915173205547,1
"1599",0.968594292877242,1
"1600",0.901978897862136,1
"1601",0.664825731655583,1
"1602",0.475536473793909,1
"1603",0.884735201252624,1
"1604",0.734424481168389,1
"1605",0.494631132110953,1
"1606",0.865291607799008,1
"1607",0.789814988849685,1
"1608",0.506698895711452,1
"1609",0.760272925719619,1
"1610",0.304810982430354,1
"1611",0.567377978703007,1
"1612",0.268558458890766,1
"1613",0.110452197724953,1
"1614",0.861638065427542,1
"1615",0.0162038025446236,1
"1616",0.289429135387763,1
"1617",0.666004442609847,1
"1618",0.506715968018398,1
"1619",0.0698511020746082,1
"1620",0.259863412939012,1
"1621",0.0766142199281603,1
"1622",0.247565381927416,1
"1623",0.922437554690987,1
"1624",0.45173923461698,1
"1625",0.337208354612812,1
"1626",0.985861663706601,1
"1627",0.357468647882342,1
"1628",0.277051313314587,1
"1629",0.0715797399170697,1
"1630",0.0127431836444885,1
"1631",0.50385898607783,1
"1632",0.805853765690699,1
"1633",0.103495229268447,1
"1634",0.574008341412991,1
"1635",0.995546136982739,1
"1636",0.805136301554739,1
"1637",0.727693036431447,1
"1638",0.299538929015398,1
"1639",0.593831889797002,1
"1640",0.549314894713461,1
"1641",0.896127632353455,1
"1642",0.110487802885473,1
"1643",0.562050479697064,1
"1644",0.246801424305886,1
"1645",0.557502179173753,1
"1646",0.115627945866436,1
"1647",0.0163440858013928,1
"1648",0.473394856788218,1
"1649",0.916207029484212,1
"1650",0.335373923415318,1
"1651",0.0499112235847861,1
"1652",0.0442423939239234,1
"1653",0.362934768665582,1
"1654",0.0422729044221342,1
"1655",0.382805786794052,1
"1656",0.00448380853049457,1
"1657",0.341507728910074,1
"1658",0.892503878800198,1
"1659",0.633548165205866,1
"1660",0.541655000764877,1
"1661",0.123296230798587,1
"1662",0.649380831047893,1
"1663",0.945714356610551,1
"1664",0.93798946775496,1
"1665",0.570177690358832,1
"1666",0.902306141331792,1
"1667",0.817067365860566,1
"1668",0.710801408160478,1
"1669",0.25972800492309,1
"1670",0.0670383223332465,1
"1671",0.658507188549265,1
"1672",0.530293663963675,1
"1673",0.287086406257004,1
"1674",0.371675794711336,1
"1675",0.249426095513627,1
"1676",0.154289543628693,1
"1677",0.55741920392029,1
"1678",0.789374887710437,1
"1679",0.733972653280944,1
"1680",0.263067545834929,1
"1681",0.152297111460939,1
"1682",0.523229886544868,1
"1683",0.763468593126163,1
"1684",0.760848490288481,1
"1685",0.237118970835581,1
"1686",0.636631889734417,1
"1687",0.401335338596255,1
"1688",0.0899014226160944,1
"1689",0.833526149392128,1
"1690",0.985641680890694,1
"1691",0.979738478781655,1
"1692",0.210982905700803,1
"1693",0.291426026029512,1
"1694",0.746195717714727,1
"1695",0.54977651592344,1
"1696",0.559256543172523,1
"1697",0.406652505043894,1
"1698",0.708563410444185,1
"1699",0.48275972972624,1
"1700",0.741252695675939,1
"1701",0.79983107955195,1
"1702",0.578062167856842,1
"1703",0.825230996590108,1
"1704",0.252006210386753,1
"1705",0.47315481165424,1
"1706",0.38329400238581,1
"1707",0.909972118213773,1
"1708",0.721536702476442,1
"1709",0.171086877584457,1
"1710",0.853939117398113,1
"1711",0.37765348306857,1
"1712",0.545923321507871,1
"1713",0.447105870814994,1
"1714",0.931240111356601,1
"1715",0.764258254319429,1
"1716",0.182129595894367,1
"1717",0.454082629643381,1
"1718",0.165133557049558,1
"1719",0.700167887145653,1
"1720",0.329817250836641,1
"1721",0.731023132335395,1
"1722",0.243184470105916,1
"1723",0.815736587159336,1
"1724",0.936002789530903,1
"1725",0.678613186813891,1
"1726",0.28800215641968,1
"1727",0.812364562414587,1
"1728",0.246998044429347,1
"1729",0.224279036279768,1
"1730",0.806300417752936,1
"1731",0.385412219911814,1
"1732",0.337007108610123,1
"1733",0.655223274370655,1
"1734",0.0355860427953303,1
"1735",0.3294918902684,1
"1736",0.98976822802797,1
"1737",0.980771976755932,1
"1738",0.858146315906197,1
"1739",0.693505975650623,1
"1740",0.234695807099342,1
"1741",0.40206579817459,1
"1742",0.121277743717656,1
"1743",0.171832444844767,1
"1744",0.045199190499261,1
"1745",0.358989653876051,1
"1746",0.0838751294650137,1
"1747",0.222349006449804,1
"1748",0.466239198576659,1
"1749",0.340147658484057,1
"1750",0.326060489518568,1
"1751",0.613464631838724,1
"1752",0.954292856156826,1
"1753",0.226383370347321,1
"1754",0.845331776188686,1
"1755",0.399566980544478,1
"1756",0.383157199481502,1
"1757",0.0665240501984954,1
"1758",0.676250415854156,1
"1759",0.435137035092339,1
"1760",0.918560267193243,1
"1761",0.72192233428359,1
"1762",0.142648139502853,1
"1763",0.644002322806045,1
"1764",0.485699798678979,1
"1765",0.428259854437783,1
"1766",0.631489315535873,1
"1767",0.77855389053002,1
"1768",0.894483196781948,1
"1769",0.59190065623261,1
"1770",0.555152056273073,1
"1771",0.380033653462306,1
"1772",0.906607182696462,1
"1773",0.913152765715495,1
"1774",0.616174099734053,1
"1775",0.217870036140084,1
"1776",0.850243278080598,1
"1777",0.11595836118795,1
"1778",0.109789106529206,1
"1779",0.726397846825421,1
"1780",0.884816718054935,1
"1781",0.946663028327748,1
"1782",0.13403789838776,1
"1783",0.982330459170043,1
"1784",0.766694024438038,1
"1785",0.181027104146779,1
"1786",0.849281580420211,1
"1787",0.495670023141429,1
"1788",0.580645818030462,1
"1789",0.842123514739797,1
"1790",0.293438827851787,1
"1791",0.0476809672545642,1
"1792",0.823107655160129,1
"1793",0.822960959980264,1
"1794",0.184620635351166,1
"1795",0.624231673777103,1
"1796",0.974147506756708,1
"1797",0.641724983928725,1
"1798",0.926165148615837,1
"1799",0.197944750310853,1
"1800",0.290561077883467,1
"1801",0.48169483942911,1
"1802",0.380358196562156,1
"1803",0.757976085180417,1
"1804",0.398111523594707,1
"1805",0.748867663787678,1
"1806",0.241416222881526,1
"1807",0.772684641182423,1
"1808",0.100548530928791,1
"1809",0.102830634452403,1
"1810",0.785851406864822,1
"1811",0.927542650373653,1
"1812",0.282145432662219,1
"1813",0.534139504889026,1
"1814",0.351612239610404,1
"1815",0.721602196339518,1
"1816",0.358126090606675,1
"1817",0.36456127022393,1
"1818",0.358849752927199,1
"1819",0.213228882057592,1
"1820",0.00522079295478761,1
"1821",0.158389917574823,1
"1822",0.728370594093576,1
"1823",0.38469976070337,1
"1824",0.888807770330459,1
"1825",0.791087285149843,1
"1826",0.151177267311141,1
"1827",0.967449743300676,1
"1828",0.574047273956239,1
"1829",0.0484743115957826,1
"1830",0.844845753861591,1
"1831",0.37465126439929,1
"1832",0.426565901609138,1
"1833",0.108569281175733,1
"1834",0.994257643120363,1
"1835",0.142470863182098,1
"1836",0.644470449304208,1
"1837",0.600517965853214,1
"1838",0.00747105362825096,1
"1839",0.167411797912791,1
"1840",0.370703409193084,1
"1841",0.228174978634343,1
"1842",0.673192148096859,1
"1843",0.905503559857607,1
"1844",0.888973327819258,1
"1845",0.54351483262144,1
"1846",0.287365125957876,1
"1847",0.562112190295011,1
"1848",0.428916676901281,1
"1849",0.287421261891723,1
"1850",0.184839172754437,1
"1851",0.9158258670941,1
"1852",0.853336616186425,1
"1853",0.229926934465766,1
"1854",0.178039961028844,1
"1855",0.666888770181686,1
"1856",0.0583527300041169,1
"1857",0.822766531258821,1
"1858",0.196435851510614,1
"1859",0.16229991405271,1
"1860",0.184306214563549,1
"1861",0.209550068480894,1
"1862",0.0743232874665409,1
"1863",0.373863692162558,1
"1864",0.876383205177262,1
"1865",0.597291382029653,1
"1866",0.365573531715199,1
"1867",0.574895908124745,1
"1868",0.569001166149974,1
"1869",0.299182720016688,1
"1870",0.993718241574243,1
"1871",0.897173530422151,1
"1872",0.508248262340203,1
"1873",0.198023783508688,1
"1874",0.685952841537073,1
"1875",0.40858918055892,1
"1876",0.690292898798361,1
"1877",0.581446525873616,1
"1878",0.944188252557069,1
"1879",0.0630491015035659,1
"1880",0.170375644695014,1
"1881",0.970484749181196,1
"1882",0.715772856492549,1
"1883",0.250127320876345,1
"1884",0.0094955014064908,1
"1885",0.235479081049562,1
"1886",0.610328813549131,1
"1887",0.0846022472251207,1
"1888",0.677783025195822,1
"1889",0.250171943567693,1
"1890",0.27832483779639,1
"1891",0.660379415377975,1
"1892",0.44207294518128,1
"1893",0.996984301833436,1
"1894",0.790761491516605,1
"1895",0.170204626396298,1
"1896",0.3343872257974,1
"1897",0.237960402155295,1
"1898",0.075787701876834,1
"1899",0.259260935243219,1
"1900",0.268809459637851,1
"1901",0.744404192315415,1
"1902",0.218748392537236,1
"1903",0.630366207798943,1
"1904",0.835917579941452,1
"1905",0.795172099256888,1
"1906",0.692112205550075,1
"1907",0.00660267216153443,1
"1908",0.244371639098972,1
"1909",0.477467770921066,1
"1910",0.509717360371724,1
"1911",0.390610010130331,1
"1912",0.414631605381146,1
"1913",0.851285737240687,1
"1914",0.235529969446361,1
"1915",0.066927059320733,1
"1916",0.650822172407061,1
"1917",0.457613928476349,1
"1918",0.93583678198047,1
"1919",0.7269338730257,1
"1920",0.433960596565157,1
"1921",0.114909322699532,1
"1922",0.575940042035654,1
"1923",0.635935456026345,1
"1924",0.207103469641879,1
"1925",0.799476102227345,1
"1926",0.781058216933161,1
"1927",0.178455844055861,1
"1928",0.441880378639325,1
"1929",0.526613307185471,1
"1930",0.105709538329393,1
"1931",0.448501424165443,1
"1932",0.0758478385396302,1
"1933",0.669316995656118,1
"1934",0.151418284978718,1
"1935",0.171557903056964,1
"1936",0.725404287688434,1
"1937",0.652120378334075,1
"1938",0.464772396488115,1
"1939",0.457091301446781,1
"1940",0.962669474538416,1
"1941",0.603478387929499,1
"1942",0.111295469803736,1
"1943",0.581192560493946,1
"1944",0.5535449963063,1
"1945",0.810945119475946,1
"1946",0.780291848117486,1
"1947",0.345130464527756,1
"1948",0.705182164441794,1
"1949",0.39628482889384,1
"1950",0.212457801681012,1
"1951",0.857370692072436,1
"1952",0.841042975895107,1
"1953",0.261788076255471,1
"1954",0.610351787880063,1
"1955",0.0689241210930049,1
"1956",0.0208190423436463,1
"1957",0.430201512994245,1
"1958",0.817719579441473,1
"1959",0.847864518873394,1
"1960",0.673637080471963,1
"1961",0.0425528169143945,1
"1962",0.741061204811558,1
"1963",0.205291043268517,1
"1964",0.973520908504725,1
"1965",0.188489136053249,1
"1966",0.0713142198510468,1
"1967",0.900960197905079,1
"1968",0.038618273101747,1
"1969",0.0947125584352762,1
"1970",0.685036141658202,1
"1971",0.283789631444961,1
"1972",0.481373554328457,1
"1973",0.881797690177336,1
"1974",0.0902747875079513,1
"1975",0.0458784056827426,1
"1976",0.76742469985038,1
"1977",0.0826286762021482,1
"1978",0.575026429723948,1
"1979",0.237489949213341,1
"1980",0.533080161549151,1
"1981",0.993372920202091,1
"1982",0.920461338711902,1
"1983",0.271988868247718,1
"1984",0.539679417852312,1
"1985",0.39801136427559,1
"1986",0.357188942376524,1
"1987",0.104792099213228,1
"1988",0.484427760588005,1
"1989",0.654560700757429,1
"1990",0.112813093466684,1
"1991",0.436544071417302,1
"1992",0.101045564049855,1
"1993",0.95421112049371,1
"1994",0.610811906633899,1
"1995",0.355946945026517,1
"1996",0.98941345512867,1
"1997",0.784383598715067,1
"1998",0.642894757911563,1
"1999",0.177443098742515,1
"2000",0.956795974634588,1
"2001",0.501855238340795,1
"2002",0.909966730047017,1
"2003",0.109582828823477,1
"2004",0.835909162182361,1
"2005",0.444093775935471,1
"2006",0.225959806703031,1
"2007",0.417877255240455,1
"2008",0.721691092010587,1
"2009",0.178386742016301,1
"2010",0.234498100820929,1
"2011",0.64075374067761,1
"2012",0.19111662521027,1
"2013",0.952203253749758,1
"2014",0.847232825355604,1
"2015",0.926197960739955,1
"2016",0.0716187423095107,1
"2017",0.486896468326449,1
"2018",0.806561802979559,1
"2019",0.0517162864562124,1
"2020",0.130253691924736,1
"2021",0.286830056225881,1
"2022",0.201090980554,1
"2023",0.774342708755285,1
"2024",0.866148692090064,1
"2025",0.197180524468422,1
"2026",0.0185798332095146,1
"2027",0.180061977123842,1
"2028",0.644087011227384,1
"2029",0.328215678688139,1
"2030",0.739603677531704,1
"2031",0.59270011074841,1
"2032",0.823349469574168,1
"2033",0.0736737861298025,1
"2034",0.411777275847271,1
"2035",0.276290502166376,1
"2036",0.0392184078227729,1
"2037",0.22619221592322,1
"2038",0.569428615970537,1
"2039",0.574222807772458,1
"2040",0.367431612452492,1
"2041",0.282497744308785,1
"2042",0.835171808023006,1
"2043",0.465072119375691,1
"2044",0.171138987410814,1
"2045",0.62235461990349,1
"2046",0.463252623565495,1
"2047",0.596534722717479,1
"2048",0.482498968951404,1
"2049",0.323464277898893,1
"2050",0.610159235075116,1
"2051",0.90756866033189,1
"2052",0.584850969491526,1
"2053",0.281118253944442,1
"2054",0.12130538886413,1
"2055",0.204947915393859,1
"2056",0.814462786540389,1
"2057",0.861176552716643,1
"2058",0.0570064012426883,1
"2059",0.921598767628893,1
"2060",0.770618741866201,1
"2061",0.813503955490887,1
"2062",0.0925175664015114,1
"2063",0.655166053911671,1
"2064",0.955023957416415,1
"2065",0.0191456447355449,1
"2066",0.0988053202163428,1
"2067",0.873183948686346,1
"2068",0.754256512969732,1
"2069",0.308924959041178,1
"2070",0.666167423129082,1
"2071",0.716373177245259,1
"2072",0.67888243123889,1
"2073",0.89473418914713,1
"2074",0.507407297613099,1
"2075",0.0646577323786914,1
"2076",0.48515884205699,1
"2077",0.601348478812724,1
"2078",0.794789482373744,1
"2079",0.887991996016353,1
"2080",0.0805742719676346,1
"2081",0.264423958025873,1
"2082",0.84142146166414,1
"2083",0.741757904877886,1
"2084",0.605587797472253,1
"2085",0.609822781989351,1
"2086",0.522165061440319,1
"2087",0.359320478281006,1
"2088",0.154270574683324,1
"2089",0.346974125364795,1
"2090",0.225205718539655,1
"2091",0.148752051405609,1
"2092",0.0910789768677205,1
"2093",0.896881453460082,1
"2094",0.262962069828063,1
"2095",0.971688641933724,1
"2096",0.379227420315146,1
"2097",0.261262780288234,1
"2098",0.189003061736003,1
"2099",0.974555375752971,1
"2100",0.75164042157121,1
"2101",0.616209241328761,1
"2102",0.288669747766107,1
"2103",0.195861850865185,1
"2104",0.426792667480186,1
"2105",0.806261845165864,1
"2106",0.546949792653322,1
"2107",0.573417418869212,1
"2108",0.837466608267277,1
"2109",0.617277315584943,1
"2110",0.421724768588319,1
"2111",0.739544191164896,1
"2112",0.893775737611577,1
"2113",0.350932329893112,1
"2114",0.603988936869428,1
"2115",0.0288976668380201,1
"2116",0.939034625887871,1
"2117",0.526373289059848,1
"2118",0.57294776244089,1
"2119",0.24451077519916,1
"2120",0.784492801874876,1
"2121",0.963914672611281,1
"2122",0.151192667428404,1
"2123",0.65299837780185,1
"2124",0.845295991748571,1
"2125",0.332683369750157,1
"2126",0.539217191748321,1
"2127",0.170558487763628,1
"2128",0.270584296667948,1
"2129",0.414396315813065,1
"2130",0.990766826085746,1
"2131",0.148522390285507,1
"2132",0.0255650780163705,1
"2133",0.700883653946221,1
"2134",0.216123517137021,1
"2135",0.456257319543511,1
"2136",0.353283136384562,1
"2137",0.791391015285626,1
"2138",0.450776910874993,1
"2139",0.653523694491014,1
"2140",0.469988195924088,1
"2141",0.842428937088698,1
"2142",0.822832883102819,1
"2143",0.0322440920863301,1
"2144",0.570046826964244,1
"2145",0.162519211880863,1
"2146",0.471767489565536,1
"2147",0.413500957656652,1
"2148",0.0620015054009855,1
"2149",0.211588359670714,1
"2150",0.875349801965058,1
"2151",0.655819790204987,1
"2152",0.885145237902179,1
"2153",0.814413594081998,1
"2154",0.989939025370404,1
"2155",0.305054289288819,1
"2156",0.89933401113376,1
"2157",0.812832655152306,1
"2158",0.351348693482578,1
"2159",0.460816023871303,1
"2160",0.466624619672075,1
"2161",0.202947708312422,1
"2162",0.719464729074389,1
"2163",0.830577804008499,1
"2164",0.466116623720154,1
"2165",0.42159241787158,1
"2166",0.642065058695152,1
"2167",0.292895130347461,1
"2168",0.55290653812699,1
"2169",0.37186080403626,1
"2170",0.194079234963283,1
"2171",0.728149471338838,1
"2172",0.0151444489602,1
"2173",0.94594259862788,1
"2174",0.289420834742486,1
"2175",0.640924929874018,1
"2176",0.266417963197455,1
"2177",0.397513903677464,1
"2178",0.0447428254410625,1
"2179",0.453905662288889,1
"2180",0.688579085282981,1
"2181",0.903984239092097,1
"2182",0.824208562262356,1
"2183",0.898396898759529,1
"2184",0.0395540031604469,1
"2185",0.174218787346035,1
"2186",0.196849426720291,1
"2187",0.392688428750262,1
"2188",0.219566758256406,1
"2189",0.852692801738158,1
"2190",0.531711955089122,1
"2191",0.31912610353902,1
"2192",0.05520249158144,1
"2193",0.474112215684727,1
"2194",0.807948449160904,1
"2195",0.757106905570254,1
"2196",0.51279490836896,1
"2197",0.58973596803844,1
"2198",0.790484525728971,1
"2199",0.168253885116428,1
"2200",0.0594282622914761,1
"2201",0.628762419568375,1
"2202",0.265580605948344,1
"2203",0.557027278468013,1
"2204",0.676552048418671,1
"2205",0.950171811971813,1
"2206",0.932495381683111,1
"2207",0.229088748106733,1
"2208",0.331449415534735,1
"2209",0.17518334579654,1
"2210",0.147757370490581,1
"2211",0.5983658102341,1
"2212",0.665088656591251,1
"2213",0.143253793008626,1
"2214",0.868164355866611,1
"2215",0.649571057409048,1
"2216",0.799775505438447,1
"2217",0.138784342678264,1
"2218",0.34278422803618,1
"2219",0.587569151772186,1
"2220",0.558255621464923,1
"2221",0.00224317074753344,1
"2222",0.355582068674266,1
"2223",0.224384811939672,1
"2224",0.105686550261453,1
"2225",0.233982893405482,1
"2226",0.632089114515111,1
"2227",0.310325311496854,1
"2228",0.406609467929229,1
"2229",0.546887814300135,1
"2230",0.600768216187134,1
"2231",0.0537193422205746,1
"2232",0.397809026064351,1
"2233",0.633169002598152,1
"2234",0.703122849576175,1
"2235",0.796503611840308,1
"2236",0.114011734258384,1
"2237",0.425460402155295,1
"2238",0.710251199780032,1
"2239",0.151448242599145,1
"2240",0.19143752171658,1
"2241",0.0418064689729363,1
"2242",0.798932621022686,1
"2243",0.674219485605136,1
"2244",0.348207891685888,1
"2245",0.129198601469398,1
"2246",0.479928595712408,1
"2247",0.112545823911205,1
"2248",0.741001025075093,1
"2249",0.0811238253954798,1
"2250",0.392439685063437,1
"2251",0.9919072331395,1
"2252",0.893017311114818,1
"2253",0.372477230848745,1
"2254",0.717839660821483,1
"2255",0.896828928263858,1
"2256",0.167265460826457,1
"2257",0.212707582628354,1
"2258",0.084188942797482,1
"2259",0.154354059370235,1
"2260",0.406724907224998,1
"2261",0.747537818737328,1
"2262",0.829558234196156,1
"2263",0.185876657487825,1
"2264",0.880061999196187,1
"2265",0.723488882416859,1
"2266",0.224585954332724,1
"2267",0.480768204201013,1
"2268",0.895394406514242,1
"2269",0.971266862237826,1
"2270",0.410503703169525,1
"2271",0.224450806155801,1
"2272",0.829371343366802,1
"2273",0.265757538611069,1
"2274",0.103076426312327,1
"2275",0.921257841167971,1
"2276",0.971374901710078,1
"2277",0.535549298394471,1
"2278",0.318818321451545,1
"2279",0.954778385115787,1
"2280",0.110573462909088,1
"2281",0.914868016494438,1
"2282",0.969184077112004,1
"2283",0.784794937353581,1
"2284",0.338899562601,1
"2285",0.762844007462263,1
"2286",0.65057510160841,1
"2287",0.290726254694164,1
"2288",0.535954882623628,1
"2289",0.840012299129739,1
"2290",0.185977867804468,1
"2291",0.521007440984249,1
"2292",0.73819403280504,1
"2293",0.962312500458211,1
"2294",0.287881138036028,1
"2295",0.124486123677343,1
"2296",0.484688891097903,1
"2297",0.919679349288344,1
"2298",0.711823275545612,1
"2299",0.702086032135412,1
"2300",0.577111380640417,1
"2301",0.778054033173248,1
"2302",0.0608375265728682,1
"2303",0.666902839206159,1
"2304",0.511605146108195,1
"2305",0.769057238707319,1
"2306",0.387212249217555,1
"2307",0.281410619150847,1
"2308",0.1769997284282,1
"2309",0.195628854213282,1
"2310",0.160216429270804,1
"2311",0.306565090315416,1
"2312",0.0805029952898622,1
"2313",0.8379821178969,1
"2314",0.889500037999824,1
"2315",0.671128260204569,1
"2316",0.113394740503281,1
"2317",0.187728770310059,1
"2318",0.816532804397866,1
"2319",0.751026400132105,1
"2320",0.825012922752649,1
"2321",0.402962310239673,1
"2322",0.351326623000205,1
"2323",0.340533354552463,1
"2324",0.299019172322005,1
"2325",0.655057556461543,1
"2326",0.920281128725037,1
"2327",0.412113103782758,1
"2328",0.919123392319307,1
"2329",0.358007940929383,1
"2330",0.612563867820427,1
"2331",0.318960913456976,1
"2332",0.198444810230285,1
"2333",0.692728943424299,1
"2334",0.0243147318251431,1
"2335",0.947595586068928,1
"2336",0.101827290374786,1
"2337",0.836309062317014,1
"2338",0.1838323418051,1
"2339",0.198520988458768,1
"2340",0.348383476724848,1
"2341",0.323510103859007,1
"2342",0.764258624985814,1
"2343",0.113157542422414,1
"2344",0.519980814773589,1
"2345",0.533046236261725,1
"2346",0.335393483284861,1
"2347",0.797806547023356,1
"2348",0.76366525539197,1
"2349",0.973741291323677,1
"2350",0.917305380804464,1
"2351",0.611264650942758,1
"2352",0.969709232915193,1
"2353",0.730170015944168,1
"2354",0.0707191317342222,1
"2355",0.162248346256092,1
"2356",0.300075945677236,1
"2357",0.830508423037827,1
"2358",0.585798831889406,1
"2359",0.724272232269868,1
"2360",0.638498840387911,1
"2361",0.166591100860387,1
"2362",0.122205692343414,1
"2363",0.907731658546254,1
"2364",0.596909006591886,1
"2365",0.650218011112884,1
"2366",0.547167348442599,1
"2367",0.718845253344625,1
"2368",0.139419838553295,1
"2369",0.916923669865355,1
"2370",0.236721028806642,1
"2371",0.432999031152576,1
"2372",0.95601554797031,1
"2373",0.0114000064786524,1
"2374",0.925578061724082,1
"2375",0.877029987284914,1
"2376",0.95267682033591,1
"2377",0.602136469213292,1
"2378",0.274429091019556,1
"2379",0.625073593109846,1
"2380",0.333155798492953,1
"2381",0.0685444136615843,1
"2382",0.133944363798946,1
"2383",0.314020307036117,1
"2384",0.0728765150997788,1
"2385",0.763412535423413,1
"2386",0.0373211184050888,1
"2387",0.377464875811711,1
"2388",0.459506564075127,1
"2389",0.583076976006851,1
"2390",0.898784462595358,1
"2391",0.0717963543720543,1
"2392",0.131411431590095,1
"2393",0.00101525220088661,1
"2394",0.425869021564722,1
"2395",0.73123060236685,1
"2396",0.00686926115304232,1
"2397",0.874790112720802,1
"2398",0.463298704242334,1
"2399",0.794038652675226,1
"2400",0.777873517479748,1
